,City,ST,2024 estimate,2020 census,Change,2020 land area,2020 land area,2020 density,2020 density,Location
,City,ST,2024 estimate,2020 census,Change,mi2,km2,/ mi2,/ km2,Location
0,New York[c],NY,8478072,8804190,â3.70%,300.5,778.3,29298,11312,40Â°40â²N 73Â°56â²W﻿ / ﻿40.66Â°N 73.94Â°W
1,Los Angeles,CA,3878704,3898747,â0.51%,469.5,1216.0,8304,3206,34Â°01â²N 118Â°25â²W﻿ / ﻿34.02Â°N 118.41Â°W
2,Chicago,IL,2721308,2746388,â0.91%,227.7,589.7,12061,4657,41Â°50â²N 87Â°41â²W﻿ / ﻿41.84Â°N 87.68Â°W
3,Houston,TX,2390125,2304580,+3.71%,640.4,1658.6,3599,1390,29Â°47â²N 95Â°23â²W﻿ / ﻿29.79Â°N 95.39Â°W
4,Phoenix,AZ,1673164,1608139,+4.04%,518.0,1341.6,3105,1199,33Â°34â²N 112Â°05â²W﻿ / ﻿33.57Â°N 112.09Â°W
5,Philadelphia[d],PA,1573916,1603797,â1.86%,134.4,348.1,11933,4607,40Â°01â²N 75Â°08â²W﻿ / ﻿40.01Â°N 75.13Â°W
6,San Antonio,TX,1526656,1434625,+6.41%,498.8,1291.9,2876,1110,29Â°28â²N 98Â°31â²W﻿ / ﻿29.46Â°N 98.52Â°W
7,San Diego,CA,1404452,1386932,+1.26%,325.9,844.1,4256,1643,32Â°49â²N 117Â°08â²W﻿ / ﻿32.81Â°N 117.14Â°W
8,Dallas,TX,1326087,1304379,+1.66%,339.6,879.6,3841,1483,32Â°47â²N 96Â°46â²W﻿ / ﻿32.79Â°N 96.77Â°W
9,Jacksonville[e],FL,1009833,949611,+6.34%,747.3,1935.5,1271,491,30Â°20â²N 81Â°40â²W﻿ / ﻿30.34Â°N 81.66Â°W
10,Fort Worth,TX,1008106,918915,+9.71%,347.3,899.5,2646,1022,32Â°47â²N 97Â°21â²W﻿ / ﻿32.78Â°N 97.35Â°W
11,San Jose,CA,997368,1013240,â1.57%,178.3,461.8,5683,2194,37Â°18â²N 121Â°49â²W﻿ / ﻿37.30Â°N 121.81Â°W
12,Austin,TX,993588,961855,+3.30%,319.9,828.5,3007,1161,30Â°18â²N 97Â°45â²W﻿ / ﻿30.30Â°N 97.75Â°W
13,Charlotte,NC,943476,874579,+7.88%,308.3,798.5,2837,1095,35Â°13â²N 80Â°50â²W﻿ / ﻿35.21Â°N 80.83Â°W
14,Columbus,OH,933263,905748,+3.04%,220.0,569.8,4117,1590,39Â°59â²N 82Â°59â²W﻿ / ﻿39.99Â°N 82.99Â°W
15,Indianapolis[f],IN,891484,887642,+0.43%,361.6,936.5,2455,948,39Â°47â²N 86Â°09â²W﻿ / ﻿39.78Â°N 86.15Â°W
16,San Francisco[g],CA,827526,873965,â5.31%,46.9,121.5,18635,7195,37Â°44â²N 123Â°02â²W﻿ / ﻿37.73Â°N 123.03Â°W
17,Seattle,WA,780995,737015,+5.97%,83.8,217.0,8795,3396,47Â°37â²N 122Â°21â²W﻿ / ﻿47.62Â°N 122.35Â°W
18,Denver[h],CO,729019,715522,+1.89%,153.1,396.5,4674,1805,39Â°46â²N 104Â°53â²W﻿ / ﻿39.76Â°N 104.88Â°W
19,Oklahoma City,OK,712919,681054,+4.68%,606.2,1570.1,1123,434,35Â°28â²N 97Â°31â²W﻿ / ﻿35.47Â°N 97.51Â°W
20,Nashville[i],TN,704963,689447,+2.25%,475.8,1232.3,1449,559,36Â°10â²N 86Â°47â²W﻿ / ﻿36.17Â°N 86.79Â°W
21,Washington[j],DC,702250,689545,+1.84%,61.1,158.2,11286,4358,38Â°54â²N 77Â°01â²W﻿ / ﻿38.90Â°N 77.02Â°W
22,El Paso,TX,681723,678815,+0.43%,258.4,669.3,2627,1014,31Â°51â²N 106Â°26â²W﻿ / ﻿31.85Â°N 106.43Â°W
23,Las Vegas,NV,678922,641903,+5.77%,141.8,367.3,4527,1748,36Â°14â²N 115Â°16â²W﻿ / ﻿36.23Â°N 115.26Â°W
24,Boston,MA,673458,675647,â0.32%,48.3,125.1,13989,5401,42Â°20â²N 71Â°01â²W﻿ / ﻿42.34Â°N 71.02Â°W
25,Detroit,MI,645705,639111,+1.03%,138.7,359.2,4608,1779,42Â°23â²N 83Â°06â²W﻿ / ﻿42.38Â°N 83.10Â°W
26,Louisville[k],KY,640796,633045,+1.22%,324.9,841.5,1948,752,38Â°10â²N 85Â°39â²W﻿ / ﻿38.17Â°N 85.65Â°W
27,Portland,OR,635749,652503,â2.57%,133.5,345.8,4888,1887,45Â°32â²N 122Â°39â²W﻿ / ﻿45.54Â°N 122.65Â°W
28,Memphis,TN,610919,633104,â3.50%,297.0,769.2,2132,823,35Â°07â²N 89Â°58â²W﻿ / ﻿35.11Â°N 89.97Â°W
29,Baltimore[l],MD,568271,585708,â2.98%,80.9,209.5,7240,2800,39Â°18â²N 76Â°37â²W﻿ / ﻿39.30Â°N 76.61Â°W
30,Milwaukee,WI,563531,577222,â2.37%,96.2,249.2,6000,2300,43Â°04â²N 87Â°58â²W﻿ / ﻿43.06Â°N 87.97Â°W
31,Albuquerque,NM,560326,564559,â0.75%,187.3,485.1,3014,1164,35Â°06â²N 106Â°39â²W﻿ / ﻿35.10Â°N 106.65Â°W
32,Tucson,AZ,554013,542629,+2.10%,241.0,624.2,2252,870,32Â°09â²N 110Â°52â²W﻿ / ﻿32.15Â°N 110.87Â°W
33,Fresno,CA,550105,542107,+1.48%,115.2,298.4,4706,1817,36Â°47â²N 119Â°47â²W﻿ / ﻿36.78Â°N 119.79Â°W
34,Sacramento,CA,535798,524943,+2.07%,98.6,255.4,5324,2056,38Â°34â²N 121Â°28â²W﻿ / ﻿38.57Â°N 121.47Â°W
35,Atlanta,GA,520070,498715,+4.28%,135.3,350.4,3686,1423,33Â°46â²N 84Â°25â²W﻿ / ﻿33.76Â°N 84.42Â°W
36,Mesa,AZ,517151,504258,+2.56%,138.7,359.2,3636,1404,33Â°24â²N 111Â°43â²W﻿ / ﻿33.40Â°N 111.72Â°W
37,Kansas City,MO,516032,508090,+1.56%,314.7,815.1,1615,624,39Â°07â²N 94Â°34â²W﻿ / ﻿39.12Â°N 94.56Â°W
38,Raleigh,NC,499825,467665,+6.88%,147.1,381.0,3179,1227,35Â°50â²N 78Â°38â²W﻿ / ﻿35.83Â°N 78.64Â°W
39,Colorado Springs,CO,493554,478961,+3.05%,195.4,506.1,2451,946,38Â°52â²N 104Â°46â²W﻿ / ﻿38.87Â°N 104.76Â°W
40,Omaha,NE,489265,486051,+0.66%,141.6,366.7,3433,1325,41Â°16â²N 96Â°03â²W﻿ / ﻿41.26Â°N 96.05Â°W
41,Miami,FL,487014,442241,+10.12%,36.0,93.2,12284,4743,25Â°47â²N 80Â°13â²W﻿ / ﻿25.78Â°N 80.21Â°W
42,Virginia Beach[l],VA,454808,459470,â1.01%,244.7,633.8,1878,725,36Â°47â²N 76Â°02â²W﻿ / ﻿36.78Â°N 76.03Â°W
43,Long Beach,CA,450901,466742,â3.39%,50.7,131.3,9206,3554,33Â°47â²N 118Â°10â²W﻿ / ﻿33.78Â°N 118.17Â°W
44,Oakland,CA,443554,440646,+0.66%,55.9,144.8,7883,3044,37Â°46â²N 122Â°14â²W﻿ / ﻿37.77Â°N 122.23Â°W
45,Minneapolis,MN,428579,429954,â0.32%,54.0,139.9,7962,3074,44Â°58â²N 93Â°16â²W﻿ / ﻿44.96Â°N 93.27Â°W
46,Bakersfield,CA,417468,403455,+3.47%,149.8,388.0,2693,1040,35Â°21â²N 119Â°02â²W﻿ / ﻿35.35Â°N 119.04Â°W
47,Tulsa,OK,415154,413066,+0.51%,197.5,511.5,2091,807,36Â°08â²N 95Â°54â²W﻿ / ﻿36.13Â°N 95.90Â°W
48,Tampa,FL,414547,384959,+7.69%,114.0,295.3,3377,1304,27Â°58â²N 82Â°28â²W﻿ / ﻿27.97Â°N 82.47Â°W
49,Arlington,TX,403672,394266,+2.39%,95.9,248.4,4111,1587,32Â°42â²N 97Â°07â²W﻿ / ﻿32.70Â°N 97.12Â°W
50,Aurora,CO,403130,386261,+4.37%,160.1,414.7,2413,932,39Â°42â²N 104Â°43â²W﻿ / ﻿39.70Â°N 104.72Â°W
51,Wichita,KS,400991,397532,+0.87%,162.0,419.6,2454,947,37Â°41â²N 97Â°21â²W﻿ / ﻿37.69Â°N 97.35Â°W
52,Cleveland,OH,365379,372624,â1.94%,77.7,201.2,4796,1852,41Â°29â²N 81Â°41â²W﻿ / ﻿41.48Â°N 81.68Â°W
53,New Orleans[m],LA,362701,383997,â5.55%,169.5,439.0,2265,875,30Â°03â²N 89Â°56â²W﻿ / ﻿30.05Â°N 89.93Â°W
54,Henderson,NV,350039,317610,+10.21%,106.2,275.1,2991,1155,36Â°01â²N 115Â°02â²W﻿ / ﻿36.01Â°N 115.04Â°W
55,Honolulu[n],HI,344967,350964,â1.71%,60.5,156.7,5801,2240,21Â°19â²N 157Â°51â²W﻿ / ﻿21.32Â°N 157.85Â°W
56,Anaheim,CA,344561,346824,â0.65%,50.3,130.3,6895,2662,33Â°52â²N 117Â°46â²W﻿ / ﻿33.86Â°N 117.76Â°W
57,Orlando,FL,334854,307573,+8.87%,110.6,286.5,2781,1074,28Â°25â²N 81Â°15â²W﻿ / ﻿28.41Â°N 81.25Â°W
58,Lexington[o],KY,329437,322570,+2.13%,283.6,734.5,1137,439,38Â°02â²N 84Â°28â²W﻿ / ﻿38.04Â°N 84.46Â°W
59,Stockton,CA,324975,320804,+1.30%,62.2,161.1,5158,1992,37Â°59â²N 121Â°19â²W﻿ / ﻿37.98Â°N 121.31Â°W
60,Riverside,CA,323757,314998,+2.78%,81.2,210.3,3879,1498,33Â°56â²N 117Â°23â²W﻿ / ﻿33.94Â°N 117.39Â°W
61,Irvine,CA,318683,307670,+3.58%,65.6,169.9,4690,1810,33Â°41â²N 117Â°46â²W﻿ / ﻿33.68Â°N 117.77Â°W
62,Corpus Christi,TX,317317,317863,â0.17%,162.2,420.1,1960,760,27Â°45â²N 97Â°10â²W﻿ / ﻿27.75Â°N 97.17Â°W
63,Newark,NJ,317303,311549,+1.85%,24.1,62.4,12927,4991,40Â°43â²N 74Â°10â²W﻿ / ﻿40.72Â°N 74.17Â°W
64,Santa Ana,CA,316184,310227,+1.92%,27.3,70.7,11364,4388,33Â°44â²N 117Â°53â²W﻿ / ﻿33.74Â°N 117.88Â°W
65,Cincinnati,OH,314915,309317,+1.81%,77.8,201.5,3976,1535,39Â°08â²N 84Â°31â²W﻿ / ﻿39.14Â°N 84.51Â°W
66,Pittsburgh,PA,307668,302971,+1.55%,55.4,143.5,5469,2112,40Â°26â²N 79Â°59â²W﻿ / ﻿40.44Â°N 79.98Â°W
67,Saint Paul,MN,307465,311527,â1.30%,52.0,134.7,5991,2313,44Â°57â²N 93Â°06â²W﻿ / ﻿44.95Â°N 93.10Â°W
68,Greensboro,NC,307381,299035,+2.79%,129.6,335.7,2307,891,36Â°06â²N 79Â°50â²W﻿ / ﻿36.10Â°N 79.83Â°W
69,Jersey City,NJ,302824,292449,+3.55%,14.7,38.1,19894,7681,40Â°43â²N 74Â°04â²W﻿ / ﻿40.71Â°N 74.06Â°W
70,Durham,NC,301870,283506,+6.48%,112.8,292.2,2513,970,35Â°59â²N 78Â°54â²W﻿ / ﻿35.98Â°N 78.90Â°W
71,Lincoln,NE,300619,291082,+3.28%,97.7,253.0,2979,1150,40Â°49â²N 96Â°41â²W﻿ / ﻿40.81Â°N 96.68Â°W
72,North Las Vegas,NV,294034,262527,+12.00%,101.3,262.4,2592,1001,36Â°17â²N 115Â°05â²W﻿ / ﻿36.28Â°N 115.09Â°W
73,Plano,TX,293286,285494,+2.73%,71.7,185.7,3982,1537,33Â°03â²N 96Â°45â²W﻿ / ﻿33.05Â°N 96.75Â°W
74,Anchorage[p],AK,289600,291247,â0.57%,1706.8,4420.6,171,66,61Â°10â²N 149Â°17â²W﻿ / ﻿61.17Â°N 149.28Â°W
75,Gilbert,AZ,288790,267918,+7.79%,68.6,177.7,3906,1508,33Â°19â²N 111Â°44â²W﻿ / ﻿33.31Â°N 111.74Â°W
76,Madison,WI,285300,269840,+5.73%,79.6,206.2,3390,1310,43Â°05â²N 89Â°26â²W﻿ / ﻿43.09Â°N 89.43Â°W
77,Reno,NV,281714,264165,+6.64%,108.8,281.8,2428,937,39Â°33â²N 119Â°51â²W﻿ / ﻿39.55Â°N 119.85Â°W
78,Chandler,AZ,281231,275987,+1.90%,65.3,169.1,4226,1632,33Â°17â²N 111Â°51â²W﻿ / ﻿33.28Â°N 111.85Â°W
79,St. Louis[l],MO,279695,301578,â7.26%,61.7,159.8,4888,1887,38Â°38â²N 90Â°14â²W﻿ / ﻿38.64Â°N 90.24Â°W
80,Chula Vista,CA,278546,275487,+1.11%,49.6,128.5,5554,2144,32Â°38â²N 117Â°01â²W﻿ / ﻿32.63Â°N 117.02Â°W
81,Buffalo,NY,276617,278349,â0.62%,40.4,104.6,6890,2660,42Â°53â²N 78Â°52â²W﻿ / ﻿42.89Â°N 78.86Â°W
82,Fort Wayne,IN,273203,263886,+3.53%,110.7,286.7,2384,920,41Â°05â²N 85Â°08â²W﻿ / ﻿41.09Â°N 85.14Â°W
83,Lubbock,TX,272086,257141,+5.81%,134.6,348.6,1910,740,33Â°34â²N 101Â°53â²W﻿ / ﻿33.57Â°N 101.89Â°W
84,St. Petersburg,FL,267102,258308,+3.40%,61.8,160.1,4180,1610,27Â°46â²N 82Â°38â²W﻿ / ﻿27.77Â°N 82.64Â°W
85,Toledo,OH,265638,270871,â1.93%,80.5,208.5,3365,1299,41Â°40â²N 83Â°35â²W﻿ / ﻿41.66Â°N 83.58Â°W
86,Laredo,TX,261260,255205,+2.37%,106.5,275.8,2396,925,27Â°34â²N 99Â°29â²W﻿ / ﻿27.56Â°N 99.49Â°W
87,Port St. Lucie,FL,258575,204851,+26.23%,119.2,308.7,1719,664,27Â°17â²N 80Â°23â²W﻿ / ﻿27.28Â°N 80.39Â°W
88,Glendale,AZ,258143,248325,+3.95%,61.6,159.5,4031,1556,33Â°32â²N 112Â°11â²W﻿ / ﻿33.53Â°N 112.19Â°W
89,Irving,TX,258060,256684,+0.54%,67.0,173.5,3831,1479,32Â°52â²N 96Â°58â²W﻿ / ﻿32.86Â°N 96.97Â°W
90,Winston-Salem,NC,255769,249545,+2.49%,132.7,343.7,1881,726,36Â°06â²N 80Â°16â²W﻿ / ﻿36.10Â°N 80.26Â°W
91,Chesapeake[l],VA,254997,249422,+2.24%,338.5,876.7,737,285,36Â°41â²N 76Â°18â²W﻿ / ﻿36.68Â°N 76.30Â°W
92,Garland,TX,250431,246018,+1.79%,57.1,147.9,4309,1664,32Â°55â²N 96Â°38â²W﻿ / ﻿32.91Â°N 96.63Â°W
93,Scottsdale,AZ,246170,241361,+1.99%,184.0,476.6,1312,507,33Â°41â²N 111Â°52â²W﻿ / ﻿33.68Â°N 111.86Â°W
94,Boise[q],ID,237963,235684,+0.97%,84.0,217.6,2806,1083,43Â°36â²N 116Â°14â²W﻿ / ﻿43.60Â°N 116.23Â°W
95,Hialeah,FL,235388,223109,+5.50%,21.6,55.9,10329,3988,25Â°52â²N 80Â°18â²W﻿ / ﻿25.87Â°N 80.30Â°W
96,Frisco,TX,235208,200509,+17.31%,68.6,177.7,2923,1129,33Â°10â²N 96Â°49â²W﻿ / ﻿33.16Â°N 96.82Â°W
97,Richmond[l],VA,233655,226610,+3.11%,59.9,155.1,3783,1461,37Â°32â²N 77Â°29â²W﻿ / ﻿37.53Â°N 77.48Â°W
98,Cape Coral,FL,233025,194016,+20.11%,106.0,274.5,1830,710,26Â°39â²N 81Â°59â²W﻿ / ﻿26.65Â°N 81.99Â°W
99,Norfolk[l],VA,231105,238005,â2.90%,53.3,138.0,4465,1724,36Â°55â²N 76Â°14â²W﻿ / ﻿36.92Â°N 76.24Â°W
100,Spokane,WA,230609,228989,+0.71%,68.8,178.2,3328,1285,47Â°40â²N 117Â°26â²W﻿ / ﻿47.67Â°N 117.43Â°W
101,Huntsville,AL,230402,215006,+7.16%,218.1,564.9,986,381,34Â°47â²N 86Â°32â²W﻿ / ﻿34.78Â°N 86.53Â°W
102,Santa Clarita,CA,229159,228673,+0.21%,70.8,183.4,3230,1250,34Â°25â²N 118Â°29â²W﻿ / ﻿34.41Â°N 118.49Â°W
103,Tacoma,WA,228202,219346,+4.04%,49.7,128.7,4413,1704,47Â°15â²N 122Â°28â²W﻿ / ﻿47.25Â°N 122.46Â°W
104,Fremont,CA,228192,230504,â1.00%,78.3,202.8,2944,1137,37Â°29â²N 121Â°56â²W﻿ / ﻿37.49Â°N 121.94Â°W
105,McKinney,TX,227526,195308,+16.50%,67.0,173.5,2915,1125,33Â°12â²N 96Â°40â²W﻿ / ﻿33.20Â°N 96.66Â°W
106,San Bernardino,CA,224775,222101,+1.20%,62.1,160.8,3577,1381,34Â°08â²N 117Â°17â²W﻿ / ﻿34.14Â°N 117.29Â°W
107,Baton Rouge[r],LA,220907,227470,â2.89%,86.3,223.5,2636,1018,30Â°26â²N 91Â°08â²W﻿ / ﻿30.44Â°N 91.13Â°W
108,Modesto,CA,220592,218464,+0.97%,43.0,111.4,5081,1962,37Â°38â²N 121Â°00â²W﻿ / ﻿37.64Â°N 121.00Â°W
109,Fontana,CA,218455,208393,+4.83%,43.1,111.6,4835,1867,34Â°07â²N 117Â°28â²W﻿ / ﻿34.11Â°N 117.46Â°W
110,Salt Lake City,UT,217783,199723,+9.04%,110.3,285.7,1811,699,40Â°47â²N 111Â°56â²W﻿ / ﻿40.78Â°N 111.93Â°W
111,Moreno Valley,CA,213919,208634,+2.53%,51.3,132.9,4067,1570,33Â°55â²N 117Â°13â²W﻿ / ﻿33.92Â°N 117.21Â°W
112,Des Moines,IA,213096,214133,â0.48%,88.2,228.4,2428,937,41Â°34â²N 93Â°37â²W﻿ / ﻿41.57Â°N 93.61Â°W
113,Worcester,MA,211286,206518,+2.31%,37.4,96.9,5522,2132,42Â°16â²N 71Â°49â²W﻿ / ﻿42.27Â°N 71.81Â°W
114,Yonkers,NY,211040,211569,â0.25%,18.0,46.6,11754,4538,40Â°57â²N 73Â°52â²W﻿ / ﻿40.95Â°N 73.87Â°W
115,Fayetteville,NC,209496,208501,+0.48%,148.3,384.1,1406,543,35Â°05â²N 78Â°58â²W﻿ / ﻿35.08Â°N 78.97Â°W
116,Sioux Falls,SD,209289,192517,+8.71%,79.1,204.9,2434,940,43Â°32â²N 96Â°44â²W﻿ / ﻿43.54Â°N 96.73Â°W
117,Grand Prairie,TX,207331,196100,+5.73%,72.6,188.0,2701,1043,32Â°41â²N 97Â°01â²W﻿ / ﻿32.69Â°N 97.02Â°W
118,Rochester,NY,207282,211328,â1.91%,35.8,92.7,5903,2279,43Â°10â²N 77Â°37â²W﻿ / ﻿43.17Â°N 77.62Â°W
119,Tallahassee,FL,205089,196169,+4.55%,100.9,261.3,1944,751,30Â°28â²N 84Â°15â²W﻿ / ﻿30.46Â°N 84.25Â°W
120,Little Rock,AR,204774,202591,+1.08%,120.0,310.8,1688,652,34Â°43â²N 92Â°22â²W﻿ / ﻿34.72Â°N 92.36Â°W
121,Amarillo,TX,203729,200393,+1.66%,102.3,265.0,1959,756,35Â°12â²N 101Â°50â²W﻿ / ﻿35.20Â°N 101.83Â°W
122,Overland Park,KS,202893,197238,+2.87%,75.2,194.8,2623,1013,38Â°53â²N 94Â°41â²W﻿ / ﻿38.89Â°N 94.69Â°W
123,Columbus[s],GA,201830,206922,â2.46%,216.5,560.7,956,369,32Â°31â²N 84Â°52â²W﻿ / ﻿32.51Â°N 84.87Â°W
124,Augusta[t],GA,201737,202081,â0.17%,302.3,783.0,668,258,33Â°22â²N 82Â°04â²W﻿ / ﻿33.37Â°N 82.07Â°W
125,Mobile,AL,201367,187041,+7.66%,139.5,361.3,1341,518,30Â°40â²N 88Â°06â²W﻿ / ﻿30.67Â°N 88.10Â°W
126,Oxnard,CA,200616,202063,â0.72%,26.5,68.6,7625,2944,34Â°12â²N 119Â°13â²W﻿ / ﻿34.20Â°N 119.21Â°W
127,Grand Rapids,MI,200117,198917,+0.60%,44.8,116.0,4440,1710,42Â°58â²N 85Â°40â²W﻿ / ﻿42.96Â°N 85.66Â°W
128,Peoria,AZ,199924,190985,+4.68%,176.1,456.1,1085,419,33Â°47â²N 112Â°19â²W﻿ / ﻿33.79Â°N 112.31Â°W
129,Vancouver,WA,198992,190915,+4.23%,48.7,126.1,3920,1510,45Â°38â²N 122Â°36â²W﻿ / ﻿45.64Â°N 122.60Â°W
130,Knoxville,TN,198722,190740,+4.18%,98.7,255.6,1933,746,35Â°58â²N 83Â°57â²W﻿ / ﻿35.97Â°N 83.95Â°W
131,Birmingham,AL,196357,200733,â2.18%,147.0,380.7,1366,527,33Â°32â²N 86Â°48â²W﻿ / ﻿33.53Â°N 86.80Â°W
132,Montgomery,AL,195818,200603,â2.39%,159.9,414.1,1255,485,32Â°21â²N 86Â°16â²W﻿ / ﻿32.35Â°N 86.27Â°W
133,Providence,RI,194706,190934,+1.98%,18.4,47.7,10377,4007,41Â°49â²N 71Â°25â²W﻿ / ﻿41.82Â°N 71.42Â°W
134,Huntington Beach,CA,193151,198711,â2.80%,27.0,69.9,7360,2840,33Â°42â²N 118Â°00â²W﻿ / ﻿33.70Â°N 118.00Â°W
135,Brownsville,TX,191967,186738,+2.80%,131.5,340.6,1420,550,26Â°00â²N 97Â°27â²W﻿ / ﻿26.00Â°N 97.45Â°W
136,Chattanooga,TN,191496,181099,+5.74%,142.4,368.8,1272,491,35Â°04â²N 85Â°15â²W﻿ / ﻿35.07Â°N 85.25Â°W
137,Fort Lauderdale,FL,190641,182760,+4.31%,34.6,89.6,5282,2039,26Â°08â²N 80Â°09â²W﻿ / ﻿26.14Â°N 80.15Â°W
138,Tempe,AZ,190114,180587,+5.28%,39.9,103.3,4526,1747,33Â°23â²N 111Â°56â²W﻿ / ﻿33.39Â°N 111.93Â°W
139,Akron,OH,189664,190469,â0.42%,61.9,160.3,3077,1188,41Â°05â²N 81Â°31â²W﻿ / ﻿41.08Â°N 81.52Â°W
140,Glendale,CA,187823,196543,â4.44%,30.5,79.0,6444,2488,34Â°11â²N 118Â°15â²W﻿ / ﻿34.18Â°N 118.25Â°W
141,Clarksville,TN,185690,166722,+11.38%,99.4,257.4,1677,647,36Â°34â²N 87Â°21â²W﻿ / ﻿36.57Â°N 87.35Â°W
142,Ontario,CA,185285,175265,+5.72%,50.0,129.5,3505,1353,34Â°02â²N 117Â°36â²W﻿ / ﻿34.04Â°N 117.60Â°W
143,Newport News[l],VA,183056,186247,â1.71%,69.0,178.7,2699,1042,37Â°05â²N 76Â°31â²W﻿ / ﻿37.08Â°N 76.52Â°W
144,Elk Grove,CA,182797,176124,+3.79%,42.0,108.8,4193,1619,38Â°25â²N 121Â°23â²W﻿ / ﻿38.41Â°N 121.38Â°W
145,Cary,NC,182659,174721,+4.54%,59.2,153.3,2951,1139,35Â°47â²N 78Â°49â²W﻿ / ﻿35.78Â°N 78.82Â°W
146,Aurora,IL,180710,180542,+0.09%,45.0,116.5,4012,1549,41Â°46â²N 88Â°17â²W﻿ / ﻿41.76Â°N 88.29Â°W
147,Salem,OR,180406,175535,+2.77%,48.8,126.4,3597,1389,44Â°55â²N 123Â°01â²W﻿ / ﻿44.92Â°N 123.02Â°W
148,Pembroke Pines,FL,179326,171178,+4.76%,32.7,84.7,5235,2021,26Â°01â²N 80Â°20â²W﻿ / ﻿26.01Â°N 80.34Â°W
149,Eugene,OR,178786,176654,+1.21%,44.2,114.5,3997,1543,44Â°04â²N 123Â°07â²W﻿ / ﻿44.06Â°N 123.12Â°W
150,Santa Rosa,CA,177524,178127,â0.34%,42.5,110.1,4191,1618,38Â°27â²N 122Â°43â²W﻿ / ﻿38.45Â°N 122.71Â°W
151,Rancho Cucamonga,CA,176675,174453,+1.27%,40.1,103.9,4350,1680,34Â°07â²N 117Â°34â²W﻿ / ﻿34.12Â°N 117.56Â°W
152,Shreveport,LA,176578,187593,â5.87%,107.8,279.2,1740,670,32Â°28â²N 93Â°47â²W﻿ / ﻿32.47Â°N 93.79Â°W
153,Garden Grove,CA,172361,171949,+0.24%,18.0,46.6,9553,3688,33Â°47â²N 117Â°58â²W﻿ / ﻿33.78Â°N 117.96Â°W
154,Oceanside,CA,170941,174068,â1.80%,41.3,107.0,4215,1627,33Â°13â²N 117Â°19â²W﻿ / ﻿33.22Â°N 117.31Â°W
155,Fort Collins,CO,170924,169810,+0.66%,57.2,148.1,2969,1146,40Â°33â²N 105Â°04â²W﻿ / ﻿40.55Â°N 105.06Â°W
156,Springfield,MO,170596,169176,+0.84%,82.4,213.4,2053,793,37Â°11â²N 93Â°17â²W﻿ / ﻿37.19Â°N 93.29Â°W
157,Murfreesboro,TN,168387,152769,+10.22%,62.9,162.9,2429,938,35Â°51â²N 86Â°25â²W﻿ / ﻿35.85Â°N 86.42Â°W
158,Surprise,AZ,167564,143148,+17.06%,110.3,285.7,1298,501,33Â°40â²N 112Â°27â²W﻿ / ﻿33.67Â°N 112.45Â°W
159,Lancaster,CA,167426,173516,â3.51%,94.3,244.2,1840,710,34Â°41â²N 118Â°11â²W﻿ / ﻿34.69Â°N 118.18Â°W
160,Denton,TX,165998,139869,+18.68%,96.4,249.7,1451,560,33Â°13â²N 97Â°08â²W﻿ / ﻿33.22Â°N 97.14Â°W
161,Roseville,CA,163304,147773,+10.51%,44.1,114.2,3351,1294,38Â°46â²N 121Â°19â²W﻿ / ﻿38.77Â°N 121.32Â°W
162,Palmdale,CA,162536,169450,â4.08%,106.1,274.8,1597,617,34Â°35â²N 118Â°07â²W﻿ / ﻿34.59Â°N 118.11Â°W
163,Corona,CA,161540,157136,+2.80%,39.9,103.3,3938,1520,33Â°52â²N 117Â°34â²W﻿ / ﻿33.86Â°N 117.57Â°W
164,Salinas,CA,160783,163542,â1.69%,23.5,60.9,6959,2687,36Â°41â²N 121Â°38â²W﻿ / ﻿36.69Â°N 121.63Â°W
165,Killeen,TX,160616,153095,+4.91%,54.8,141.9,2794,1079,31Â°05â²N 97Â°44â²W﻿ / ﻿31.08Â°N 97.73Â°W
166,Paterson,NJ,160463,159732,+0.46%,8.4,21.8,19016,7342,40Â°55â²N 74Â°10â²W﻿ / ﻿40.91Â°N 74.16Â°W
167,Alexandria[l],VA,159102,159467,â0.23%,14.9,38.6,10702,4132,38Â°49â²N 77Â°05â²W﻿ / ﻿38.82Â°N 77.08Â°W
168,Hollywood,FL,159073,153067,+3.92%,27.3,70.7,5607,2165,26Â°02â²N 80Â°10â²W﻿ / ﻿26.03Â°N 80.16Â°W
169,Hayward,CA,158440,162954,â2.77%,45.8,118.6,3558,1374,37Â°38â²N 122Â°06â²W﻿ / ﻿37.63Â°N 122.10Â°W
170,Charleston,SC,157665,150227,+4.95%,114.8,297.3,1309,505,32Â°50â²N 79Â°58â²W﻿ / ﻿32.83Â°N 79.97Â°W
171,Macon[u],GA,157056,157346,â0.18%,249.4,645.9,631,244,32Â°49â²N 83Â°41â²W﻿ / ﻿32.81Â°N 83.69Â°W
172,Lakewood,CO,156868,155984,+0.57%,43.5,112.7,3586,1385,39Â°42â²N 105Â°07â²W﻿ / ﻿39.70Â°N 105.12Â°W
173,Sunnyvale,CA,156792,155805,+0.63%,22.1,57.2,7050,2720,37Â°23â²N 122Â°02â²W﻿ / ﻿37.39Â°N 122.03Â°W
174,Kansas City[v],KS,156752,156607,+0.09%,124.7,323.0,1256,485,39Â°07â²N 94Â°44â²W﻿ / ﻿39.12Â°N 94.74Â°W
175,Springfield,MA,154888,155929,â0.67%,31.9,82.6,4888,1887,42Â°07â²N 72Â°32â²W﻿ / ﻿42.12Â°N 72.54Â°W
176,Bellevue,WA,154377,151854,+1.66%,33.5,86.8,4533,1750,47Â°36â²N 122Â°10â²W﻿ / ﻿47.60Â°N 122.16Â°W
177,Naperville,IL,153124,149540,+2.40%,39.1,101.3,3825,1477,41Â°45â²N 88Â°10â²W﻿ / ﻿41.75Â°N 88.16Â°W
178,Joliet,IL,151837,150362,+0.98%,64.5,167.1,2331,900,41Â°31â²N 88Â°09â²W﻿ / ﻿41.52Â°N 88.15Â°W
179,Bridgeport,CT,151599,148654,+1.98%,16.1,41.7,9233,3565,41Â°11â²N 73Â°12â²W﻿ / ﻿41.19Â°N 73.20Â°W
180,Mesquite,TX,150140,150108,+0.02%,48.5,125.6,3095,1195,32Â°46â²N 96Â°35â²W﻿ / ﻿32.76Â°N 96.59Â°W
181,Pasadena,TX,149617,151950,â1.54%,43.7,113.2,3477,1342,29Â°39â²N 95Â°09â²W﻿ / ﻿29.65Â°N 95.15Â°W
182,Olathe,KS,149035,141290,+5.48%,61.9,160.3,2283,881,38Â°53â²N 94Â°49â²W﻿ / ﻿38.88Â°N 94.82Â°W
183,Escondido,CA,148847,151038,â1.45%,37.3,96.6,4049,1563,33Â°08â²N 117Â°04â²W﻿ / ﻿33.13Â°N 117.07Â°W
184,Savannah,GA,148808,147780,+0.70%,106.8,276.6,1384,534,32Â°00â²N 81Â°09â²W﻿ / ﻿32.00Â°N 81.15Â°W
185,McAllen,TX,148782,142210,+4.62%,62.3,161.4,2283,881,26Â°13â²N 98Â°15â²W﻿ / ﻿26.22Â°N 98.25Â°W
186,Gainesville,FL,148720,141085,+5.41%,63.2,163.7,2232,862,29Â°41â²N 82Â°21â²W﻿ / ﻿29.68Â°N 82.35Â°W
187,Pomona,CA,147966,151713,â2.47%,23.0,59.6,6596,2547,34Â°04â²N 117Â°46â²W﻿ / ﻿34.06Â°N 117.76Â°W
188,Rockford,IL,147486,148655,â0.79%,64.5,167.1,2305,890,42Â°16â²N 89Â°04â²W﻿ / ﻿42.26Â°N 89.06Â°W
189,Thornton,CO,146689,141867,+3.40%,35.9,93.0,3952,1526,39Â°55â²N 104Â°56â²W﻿ / ﻿39.92Â°N 104.94Â°W
190,Waco,TX,146608,138486,+5.86%,88.7,229.7,1561,603,31Â°34â²N 97Â°11â²W﻿ / ﻿31.56Â°N 97.19Â°W
191,Visalia,CA,146271,141384,+3.46%,37.9,98.2,3730,1440,36Â°20â²N 119Â°20â²W﻿ / ﻿36.33Â°N 119.33Â°W
192,Syracuse,NY,146097,148620,â1.70%,25.1,65.0,5921,2286,43Â°02â²N 76Â°08â²W﻿ / ﻿43.04Â°N 76.14Â°W
193,Columbia,SC,144788,136632,+5.97%,136.8,354.3,999,386,34Â°02â²N 80Â°55â²W﻿ / ﻿34.04Â°N 80.91Â°W
194,Midland,TX,143687,132524,+8.42%,75.5,195.5,1755,678,32Â°01â²N 102Â°07â²W﻿ / ﻿32.02Â°N 102.11Â°W
195,Miramar,FL,143242,134721,+6.32%,28.9,74.9,4662,1800,25Â°58â²N 80Â°20â²W﻿ / ﻿25.97Â°N 80.34Â°W
196,Palm Bay,FL,142023,119760,+18.59%,86.4,223.8,1386,535,27Â°58â²N 80Â°40â²W﻿ / ﻿27.96Â°N 80.66Â°W
197,Lakewood[w],NJ,141985,135158,+5.05%,24.7,64.0,5472,2113,40Â°05â²N 74Â°12â²W﻿ / ﻿40.08Â°N 74.20Â°W
198,Jackson,MS,141449,153701,â7.97%,111.7,289.3,1376,531,32Â°19â²N 90Â°13â²W﻿ / ﻿32.32Â°N 90.21Â°W
199,Coral Springs,FL,140808,134394,+4.77%,22.9,59.3,5869,2266,26Â°16â²N 80Â°16â²W﻿ / ﻿26.27Â°N 80.26Â°W
200,Victorville,CA,140721,134810,+4.38%,73.7,190.9,1829,706,34Â°32â²N 117Â°21â²W﻿ / ﻿34.53Â°N 117.35Â°W
201,Elizabeth,NJ,140413,137298,+2.27%,12.3,31.9,11162,4310,40Â°40â²N 74Â°11â²W﻿ / ﻿40.67Â°N 74.19Â°W
202,Fullerton,CA,140054,143617,â2.48%,22.4,58.0,6411,2475,33Â°53â²N 117Â°56â²W﻿ / ﻿33.89Â°N 117.93Â°W
203,Meridian,ID,139740,117635,+18.79%,35.1,90.9,3351,1294,43Â°37â²N 116Â°24â²W﻿ / ﻿43.61Â°N 116.40Â°W
204,Torrance,CA,139576,147067,â5.09%,20.5,53.1,7174,2770,33Â°50â²N 118Â°22â²W﻿ / ﻿33.83Â°N 118.36Â°W
205,Stamford,CT,139134,135470,+2.70%,37.6,97.4,3603,1391,41Â°05â²N 73Â°33â²W﻿ / ﻿41.08Â°N 73.55Â°W
206,West Valley City,UT,138144,140230,â1.49%,35.8,92.7,3917,1512,40Â°41â²N 112Â°01â²W﻿ / ﻿40.69Â°N 112.01Â°W
207,Orange,CA,137941,139911,â1.41%,25.7,66.6,5444,2102,33Â°47â²N 117Â°52â²W﻿ / ﻿33.79Â°N 117.86Â°W
208,Cedar Rapids,IA,137904,137710,+0.14%,72.1,186.7,1910,740,41Â°58â²N 91Â°41â²W﻿ / ﻿41.97Â°N 91.68Â°W
209,Warren,MI,137686,139387,â1.22%,34.4,89.1,4052,1564,42Â°29â²N 83Â°02â²W﻿ / ﻿42.49Â°N 83.03Â°W
210,Hampton[l],VA,137596,137148,+0.33%,51.5,133.4,2663,1028,37Â°03â²N 76Â°18â²W﻿ / ﻿37.05Â°N 76.30Â°W
211,New Haven,CT,137562,134023,+2.64%,18.7,48.4,7167,2767,41Â°19â²N 72Â°55â²W﻿ / ﻿41.31Â°N 72.92Â°W
212,Pasadena,CA,137195,138699,â1.08%,23.0,59.6,6030,2330,34Â°10â²N 118Â°08â²W﻿ / ﻿34.16Â°N 118.14Â°W
213,Kent,WA,136588,136588,0.00%,33.8,87.5,4041,1560,47Â°23â²N 122Â°13â²W﻿ / ﻿47.39Â°N 122.21Â°W
214,Dayton,OH,136346,137644,â0.94%,55.8,144.5,2467,953,39Â°47â²N 84Â°12â²W﻿ / ﻿39.78Â°N 84.20Â°W
215,Fargo,ND,136285,125990,+8.17%,49.8,129.0,2530,980,46Â°52â²N 96Â°50â²W﻿ / ﻿46.86Â°N 96.83Â°W
216,Lewisville,TX,135983,111822,+21.61%,37.0,95.8,3022,1167,33Â°03â²N 96Â°59â²W﻿ / ﻿33.05Â°N 96.98Â°W
217,Carrollton,TX,135456,133434,+1.52%,36.7,95.1,3636,1404,32Â°59â²N 96Â°54â²W﻿ / ﻿32.99Â°N 96.90Â°W
218,Round Rock,TX,135359,119468,+13.30%,37.6,97.4,3177,1227,30Â°32â²N 97Â°40â²W﻿ / ﻿30.53Â°N 97.66Â°W
219,Sterling Heights,MI,134342,134346,0.00%,36.4,94.3,3691,1425,42Â°35â²N 83Â°02â²W﻿ / ﻿42.58Â°N 83.03Â°W
220,Santa Clara,CA,133132,127647,+4.30%,18.3,47.4,6975,2693,37Â°22â²N 121Â°58â²W﻿ / ﻿37.36Â°N 121.97Â°W
221,Norman,OK,131010,128026,+2.33%,178.8,463.1,716,276,35Â°14â²N 97Â°21â²W﻿ / ﻿35.24Â°N 97.35Â°W
222,Columbia,MO,130900,126254,+3.68%,66.5,172.2,1899,733,38Â°57â²N 92Â°20â²W﻿ / ﻿38.95Â°N 92.33Â°W
223,Abilene,TX,130501,125182,+4.25%,106.7,276.4,1173,453,32Â°27â²N 99Â°44â²W﻿ / ﻿32.45Â°N 99.74Â°W
224,Pearland,TX,129620,125828,+3.01%,48.7,126.1,2584,998,29Â°34â²N 95Â°19â²W﻿ / ﻿29.56Â°N 95.32Â°W
225,Athens[x],GA,128691,127315,+1.08%,116.3,301.2,1095,423,33Â°57â²N 83Â°22â²W﻿ / ﻿33.95Â°N 83.37Â°W
226,College Station,TX,128023,120511,+6.23%,51.2,132.6,2354,909,30Â°35â²N 96Â°18â²W﻿ / ﻿30.59Â°N 96.30Â°W
227,Clovis,CA,127993,120124,+6.55%,25.4,65.8,4729,1826,36Â°50â²N 119Â°41â²W﻿ / ﻿36.83Â°N 119.68Â°W
228,West Palm Beach,FL,127744,117415,+8.80%,53.8,139.3,2182,842,26Â°45â²N 80Â°08â²W﻿ / ﻿26.75Â°N 80.13Â°W
229,Allentown,PA,127138,125845,+1.03%,17.6,45.6,7150,2760,40Â°35â²N 75Â°29â²W﻿ / ﻿40.59Â°N 75.48Â°W
230,North Charleston,SC,126005,114852,+9.71%,77.6,201.0,1480,570,32Â°55â²N 80Â°04â²W﻿ / ﻿32.92Â°N 80.07Â°W
231,Simi Valley,CA,125778,126356,â0.46%,41.5,107.5,3045,1176,34Â°16â²N 118Â°45â²W﻿ / ﻿34.27Â°N 118.75Â°W
232,Topeka,KS,125467,126587,â0.88%,61.4,159.0,2062,796,39Â°02â²N 95Â°41â²W﻿ / ﻿39.03Â°N 95.69Â°W
233,Wilmington,NC,125284,115451,+8.52%,51.4,133.1,2246,867,34Â°13â²N 77Â°53â²W﻿ / ﻿34.21Â°N 77.89Â°W
234,Lakeland,FL,124990,112641,+10.96%,66.2,171.5,1702,657,28Â°04â²N 81Â°57â²W﻿ / ﻿28.06Â°N 81.95Â°W
235,Thousand Oaks,CA,124229,126966,â2.16%,55.3,143.2,2296,886,34Â°11â²N 118Â°52â²W﻿ / ﻿34.19Â°N 118.87Â°W
236,Concord,CA,124016,125410,â1.11%,30.6,79.3,4098,1582,37Â°58â²N 122Â°00â²W﻿ / ﻿37.97Â°N 122.00Â°W
237,Rochester,MN,123624,121395,+1.84%,55.5,143.7,2187,844,44Â°01â²N 92Â°29â²W﻿ / ﻿44.02Â°N 92.48Â°W
238,Vallejo,CA,123475,126090,â2.07%,30.4,78.7,4148,1602,38Â°07â²N 122Â°16â²W﻿ / ﻿38.11Â°N 122.26Â°W
239,Ann Arbor,MI,122925,123851,â0.75%,28.2,73.0,4392,1696,42Â°17â²N 83Â°44â²W﻿ / ﻿42.28Â°N 83.73Â°W
240,Broken Arrow,OK,122756,113540,+8.12%,63.0,163.2,1802,696,36Â°02â²N 95Â°47â²W﻿ / ﻿36.04Â°N 95.78Â°W
241,Fairfield,CA,122646,119881,+2.31%,41.6,107.7,2882,1113,38Â°16â²N 122Â°02â²W﻿ / ﻿38.26Â°N 122.03Â°W
242,Lafayette[y],LA,122280,121374,+0.75%,55.8,144.5,2175,840,30Â°13â²N 92Â°02â²W﻿ / ﻿30.21Â°N 92.03Â°W
243,Hartford,CT,122129,121054,+0.89%,17.4,45.1,6957,2686,41Â°46â²N 72Â°41â²W﻿ / ﻿41.77Â°N 72.68Â°W
244,Arvada,CO,121873,124402,â2.03%,38.9,100.8,3198,1235,39Â°50â²N 105Â°09â²W﻿ / ﻿39.83Â°N 105.15Â°W
245,Berkeley,CA,121749,124321,â2.07%,10.4,26.9,11954,4615,37Â°52â²N 122Â°18â²W﻿ / ﻿37.87Â°N 122.30Â°W
246,Independence,MO,121629,123011,â1.12%,78.0,202.0,1577,609,39Â°05â²N 94Â°21â²W﻿ / ﻿39.09Â°N 94.35Â°W
247,Billings,MT,121483,117116,+3.73%,44.8,116.0,2614,1009,45Â°47â²N 108Â°33â²W﻿ / ﻿45.79Â°N 108.55Â°W
248,Cambridge,MA,121186,118403,+2.35%,6.4,16.6,18500,7100,42Â°23â²N 71Â°07â²W﻿ / ﻿42.38Â°N 71.12Â°W
249,Lowell,MA,120418,115554,+4.21%,13.6,35.2,8497,3281,42Â°38â²N 71Â°19â²W﻿ / ﻿42.64Â°N 71.32Â°W
250,Odessa,TX,119748,114428,+4.65%,51.1,132.3,2239,864,31Â°53â²N 102Â°21â²W﻿ / ﻿31.88Â°N 102.35Â°W
251,High Point,NC,118601,114059,+3.98%,56.4,146.1,2022,781,35Â°59â²N 79Â°59â²W﻿ / ﻿35.99Â°N 79.99Â°W
252,League City,TX,118456,114392,+3.55%,51.3,132.9,2230,860,29Â°29â²N 95Â°07â²W﻿ / ﻿29.49Â°N 95.11Â°W
253,Antioch,CA,118453,115291,+2.74%,29.2,75.6,3948,1524,37Â°59â²N 121Â°48â²W﻿ / ﻿37.98Â°N 121.80Â°W
254,Richardson,TX,118221,119469,â1.04%,28.6,74.1,4177,1613,32Â°58â²N 96Â°43â²W﻿ / ﻿32.97Â°N 96.71Â°W
255,Goodyear,AZ,118186,95294,+24.02%,191.3,495.5,498,192,33Â°15â²N 112Â°22â²W﻿ / ﻿33.25Â°N 112.37Â°W
256,Pompano Beach,FL,118104,112046,+5.41%,24.0,62.2,4669,1803,26Â°14â²N 80Â°08â²W﻿ / ﻿26.24Â°N 80.13Â°W
257,Nampa,ID,117350,100200,+17.12%,33.5,86.8,2991,1155,43Â°35â²N 116Â°34â²W﻿ / ﻿43.58Â°N 116.56Â°W
258,Menifee,CA,117041,102527,+14.16%,46.5,120.4,2205,851,33Â°41â²N 117Â°11â²W﻿ / ﻿33.69Â°N 117.18Â°W
259,Las Cruces,NM,116998,111385,+5.04%,76.9,199.2,1448,559,32Â°20â²N 106Â°47â²W﻿ / ﻿32.33Â°N 106.79Â°W
260,Clearwater,FL,116811,117292,â0.41%,26.1,67.6,4494,1735,27Â°59â²N 82Â°46â²W﻿ / ﻿27.98Â°N 82.77Â°W
261,West Jordan,UT,116688,116961,â0.23%,32.3,83.7,3621,1398,40Â°36â²N 112Â°00â²W﻿ / ﻿40.60Â°N 112.00Â°W
262,New Braunfels,TX,116477,90403,+28.84%,45.2,117.1,2000,770,29Â°42â²N 98Â°07â²W﻿ / ﻿29.70Â°N 98.12Â°W
263,Manchester,NH,116386,115644,+0.64%,33.1,85.7,3494,1349,42Â°59â²N 71Â°26â²W﻿ / ﻿42.98Â°N 71.44Â°W
264,Miami Gardens,FL,116173,111640,+4.06%,18.2,47.1,6134,2368,25Â°57â²N 80Â°14â²W﻿ / ﻿25.95Â°N 80.24Â°W
265,Waterbury,CT,115908,114403,+1.32%,28.5,73.8,4014,1550,41Â°34â²N 73Â°02â²W﻿ / ﻿41.56Â°N 73.04Â°W
266,Provo,UT,115479,115162,+0.28%,41.7,108.0,2762,1066,40Â°15â²N 111Â°39â²W﻿ / ﻿40.25Â°N 111.65Â°W
267,Evansville,IN,115395,117298,â1.62%,47.4,122.8,2475,956,37Â°59â²N 87Â°32â²W﻿ / ﻿37.99Â°N 87.53Â°W
268,Richmond,CA,115353,116448,â0.94%,30.1,78.0,3869,1494,37Â°57â²N 122Â°22â²W﻿ / ﻿37.95Â°N 122.36Â°W
269,Westminster,CO,115302,116317,â0.87%,31.6,81.8,3681,1421,39Â°53â²N 105Â°04â²W﻿ / ﻿39.88Â°N 105.06Â°W
270,Elgin,IL,114701,114797,â0.08%,38.0,98.4,3021,1166,42Â°02â²N 88Â°20â²W﻿ / ﻿42.04Â°N 88.33Â°W
271,Conroe,TX,114581,89956,+27.37%,72.0,186.5,1249,482,30Â°19â²N 95Â°29â²W﻿ / ﻿30.32Â°N 95.49Â°W
272,Greeley,CO,114363,108795,+5.12%,48.9,126.7,2225,859,40Â°25â²N 104Â°46â²W﻿ / ﻿40.41Â°N 104.77Â°W
273,Lansing,MI,114336,112644,+1.50%,39.1,101.3,2881,1112,42Â°43â²N 84Â°34â²W﻿ / ﻿42.71Â°N 84.56Â°W
274,Buckeye,AZ,114334,91502,+24.95%,393.0,1017.9,233,90,33Â°26â²N 112Â°38â²W﻿ / ﻿33.43Â°N 112.64Â°W
275,Tuscaloosa,AL,114288,99600,+14.75%,61.9,160.3,1609,621,33Â°14â²N 87Â°32â²W﻿ / ﻿33.23Â°N 87.53Â°W
276,Allen,TX,113746,104627,+8.72%,26.4,68.4,3963,1530,33Â°07â²N 96Â°40â²W﻿ / ﻿33.11Â°N 96.67Â°W
277,Carlsbad,CA,113575,114746,â1.02%,37.8,97.9,3036,1172,33Â°08â²N 117Â°17â²W﻿ / ﻿33.13Â°N 117.28Â°W
278,Everett,WA,113011,110629,+2.15%,33.2,86.0,3332,1286,47Â°57â²N 122Â°11â²W﻿ / ﻿47.95Â°N 122.19Â°W
279,Springfield,IL,112949,114394,â1.26%,61.1,158.2,1872,723,39Â°47â²N 89Â°38â²W﻿ / ﻿39.79Â°N 89.64Â°W
280,Beaumont,TX,112893,115282,â2.07%,82.5,213.7,1397,539,30Â°05â²N 94Â°09â²W﻿ / ﻿30.08Â°N 94.15Â°W
281,Murrieta,CA,112539,110949,+1.43%,33.6,87.0,3302,1275,33Â°34â²N 117Â°11â²W﻿ / ﻿33.57Â°N 117.19Â°W
282,Rio Rancho,NM,112524,104046,+8.15%,103.4,267.8,1006,388,35Â°17â²N 106Â°42â²W﻿ / ﻿35.29Â°N 106.70Â°W
283,Temecula,CA,112431,110003,+2.21%,37.3,96.6,2949,1139,33Â°29â²N 117Â°08â²W﻿ / ﻿33.49Â°N 117.13Â°W
284,Concord,NC,112395,105240,+6.80%,63.5,164.5,1657,640,35Â°23â²N 80Â°38â²W﻿ / ﻿35.39Â°N 80.64Â°W
285,Tyler,TX,112219,105995,+5.87%,57.5,148.9,1843,712,32Â°19â²N 95Â°19â²W﻿ / ﻿32.32Â°N 95.31Â°W
286,Davie,FL,112052,105691,+6.02%,34.9,90.4,3028,1169,26Â°05â²N 80Â°17â²W﻿ / ﻿26.08Â°N 80.28Â°W
287,South Fulton,GA,112003,107436,+4.25%,85.2,220.7,1261,487,33Â°40â²N 84Â°34â²W﻿ / ﻿33.66Â°N 84.57Â°W
288,Peoria,IL,111696,113150,â1.29%,48.0,124.3,2357,910,40Â°45â²N 89Â°37â²W﻿ / ﻿40.75Â°N 89.62Â°W
289,Sparks,NV,111520,108445,+2.84%,36.4,94.3,2979,1150,39Â°34â²N 119Â°43â²W﻿ / ﻿39.57Â°N 119.72Â°W
290,Gresham,OR,111507,114247,â2.40%,23.5,60.9,4862,1877,45Â°30â²N 122Â°26â²W﻿ / ﻿45.50Â°N 122.44Â°W
291,Santa Maria,CA,111346,109707,+1.49%,22.8,59.1,4812,1858,34Â°56â²N 120Â°26â²W﻿ / ﻿34.93Â°N 120.44Â°W
292,Pueblo,CO,111166,111876,â0.63%,55.4,143.5,2019,780,38Â°16â²N 104Â°37â²W﻿ / ﻿38.27Â°N 104.61Â°W
293,Hillsboro,OR,110337,106447,+3.65%,25.7,66.6,4142,1599,45Â°32â²N 122Â°56â²W﻿ / ﻿45.53Â°N 122.94Â°W
294,Edison[w],NJ,110002,107588,+2.24%,30.1,78.0,3574,1380,40Â°30â²N 74Â°21â²W﻿ / ﻿40.50Â°N 74.35Â°W
295,Sugar Land,TX,109851,111026,â1.06%,40.5,104.9,2741,1058,29Â°35â²N 95Â°38â²W﻿ / ﻿29.59Â°N 95.63Â°W
296,Ventura[z],CA,109831,110763,â0.84%,21.9,56.7,5058,1953,34Â°16â²N 119Â°15â²W﻿ / ﻿34.27Â°N 119.25Â°W
297,Downey,CA,109368,114355,â4.36%,12.4,32.1,9222,3561,33Â°56â²N 118Â°08â²W﻿ / ﻿33.94Â°N 118.13Â°W
298,Costa Mesa,CA,109131,111918,â2.49%,15.8,40.9,7083,2735,33Â°40â²N 117Â°55â²W﻿ / ﻿33.67Â°N 117.91Â°W
299,Centennial,CO,108853,108418,+0.40%,29.7,76.9,3650,1410,39Â°35â²N 104Â°52â²W﻿ / ﻿39.59Â°N 104.87Â°W
300,Edinburg,TX,108733,100243,+8.47%,44.7,115.8,2243,866,26Â°19â²N 98Â°10â²W﻿ / ﻿26.32Â°N 98.16Â°W
301,Spokane Valley,WA,108267,102976,+5.14%,37.7,97.6,2731,1054,47Â°40â²N 117Â°14â²W﻿ / ﻿47.66Â°N 117.23Â°W
302,Jurupa Valley,CA,108154,105053,+2.95%,42.9,111.1,2449,946,34Â°00â²N 117Â°28â²W﻿ / ﻿34.00Â°N 117.47Â°W
303,Bend,OR,106926,99178,+7.81%,33.6,87.0,2952,1140,44Â°04â²N 121Â°19â²W﻿ / ﻿44.06Â°N 121.31Â°W
304,West Covina,CA,106920,109501,â2.36%,16.0,41.4,6844,2642,34Â°04â²N 117Â°55â²W﻿ / ﻿34.06Â°N 117.91Â°W
305,Boulder,CO,106803,108250,â1.34%,26.3,68.1,4116,1589,40Â°01â²N 105Â°15â²W﻿ / ﻿40.02Â°N 105.25Â°W
306,Palm Coast,FL,106729,89258,+19.57%,95.4,247.1,936,361,29Â°32â²N 81Â°14â²W﻿ / ﻿29.54Â°N 81.24Â°W
307,Lee's Summit,MO,106419,101108,+5.25%,63.9,165.5,1582,611,38Â°55â²N 94Â°23â²W﻿ / ﻿38.92Â°N 94.38Â°W
308,Dearborn,MI,106377,109976,â3.27%,24.2,62.7,4544,1754,42Â°19â²N 83Â°13â²W﻿ / ﻿42.31Â°N 83.21Â°W
309,Green Bay,WI,106311,107395,â1.01%,45.5,117.8,2360,910,44Â°31â²N 87Â°59â²W﻿ / ﻿44.52Â°N 87.99Â°W
310,St. George,UT,106288,95342,+11.48%,78.5,203.3,1215,469,37Â°05â²N 113Â°34â²W﻿ / ﻿37.08Â°N 113.56Â°W
311,Woodbridge[w],NJ,106101,103639,+2.38%,23.3,60.3,4448,1717,40Â°34â²N 74Â°17â²W﻿ / ﻿40.56Â°N 74.29Â°W
312,Brockton,MA,105788,105643,+0.14%,21.3,55.2,4960,1920,42Â°05â²N 71Â°01â²W﻿ / ﻿42.08Â°N 71.02Â°W
313,Renton,WA,105543,106785,â1.16%,23.5,60.9,4544,1754,47Â°29â²N 122Â°11â²W﻿ / ﻿47.48Â°N 122.19Â°W
314,Sandy Springs,GA,105505,108080,â2.38%,37.7,97.6,2867,1107,33Â°56â²N 84Â°22â²W﻿ / ﻿33.93Â°N 84.37Â°W
315,Rialto,CA,104918,104026,+0.86%,24.1,62.4,4316,1666,34Â°07â²N 117Â°23â²W﻿ / ﻿34.12Â°N 117.39Â°W
316,El Monte,CA,104639,109450,â4.40%,9.6,24.9,11401,4402,34Â°04â²N 118Â°02â²W﻿ / ﻿34.07Â°N 118.03Â°W
317,Vacaville,CA,103994,102386,+1.57%,29.9,77.4,3424,1322,38Â°22â²N 121Â°58â²W﻿ / ﻿38.36Â°N 121.97Â°W
318,Fishers,IN,103986,98977,+5.06%,35.6,92.2,2780,1070,39Â°58â²N 85Â°58â²W﻿ / ﻿39.96Â°N 85.97Â°W
319,South Bend,IN,103713,103453,+0.25%,42.0,108.8,2463,951,41Â°41â²N 86Â°16â²W﻿ / ﻿41.68Â°N 86.27Â°W
320,Carmel,IN,103606,99757,+3.86%,49.1,127.2,2032,785,39Â°58â²N 86Â°09â²W﻿ / ﻿39.97Â°N 86.15Â°W
321,Yuma,AZ,103559,95548,+8.38%,120.7,312.6,792,306,32Â°31â²N 114Â°31â²W﻿ / ﻿32.52Â°N 114.52Â°W
322,Burbank,CA,103533,107337,â3.54%,17.3,44.8,6204,2395,34Â°11â²N 118Â°20â²W﻿ / ﻿34.19Â°N 118.33Â°W
323,Lynn,MA,103489,101253,+2.21%,10.7,27.7,9463,3654,42Â°28â²N 70Â°58â²W﻿ / ﻿42.47Â°N 70.96Â°W
324,Quincy,MA,103434,101636,+1.77%,16.6,43.0,6123,2364,42Â°16â²N 71Â°01â²W﻿ / ﻿42.26Â°N 71.01Â°W
325,El Cajon,CA,103291,106215,â2.75%,14.5,37.6,7325,2828,32Â°48â²N 116Â°58â²W﻿ / ﻿32.80Â°N 116.96Â°W
326,Fayetteville,AR,103134,93949,+9.78%,54.1,140.1,1737,671,36Â°04â²N 94Â°10â²W﻿ / ﻿36.07Â°N 94.17Â°W
327,Suffolk[l],VA,103105,94324,+9.31%,399.2,1033.9,236,91,36Â°42â²N 76Â°38â²W﻿ / ﻿36.70Â°N 76.63Â°W
328,San Mateo,CA,103006,105661,â2.51%,12.1,31.3,8732,3371,37Â°34â²N 122Â°19â²W﻿ / ﻿37.56Â°N 122.31Â°W
329,Chico,CA,102911,101475,+1.42%,34.1,88.3,2976,1149,39Â°46â²N 121Â°49â²W﻿ / ﻿39.76Â°N 121.82Â°W
330,Inglewood,CA,102774,107762,â4.63%,9.1,23.6,11842,4572,33Â°58â²N 118Â°20â²W﻿ / ﻿33.96Â°N 118.34Â°W
331,Wichita Falls,TX,102372,102316,+0.05%,72.0,186.5,1421,549,33Â°55â²N 98Â°32â²W﻿ / ﻿33.91Â°N 98.53Â°W
332,Boca Raton,FL,102238,97422,+4.94%,29.2,75.6,3336,1288,26Â°22â²N 80Â°06â²W﻿ / ﻿26.37Â°N 80.10Â°W
333,Hesperia,CA,101836,99818,+2.02%,72.7,188.3,1373,530,34Â°24â²N 117Â°19â²W﻿ / ﻿34.40Â°N 117.32Â°W
334,Daly City,CA,101418,104901,â3.32%,7.6,19.7,13803,5329,37Â°41â²N 122Â°28â²W﻿ / ﻿37.69Â°N 122.47Â°W
335,Clinton[aa],MI,101359,100513,+0.84%,28.0,72.5,3590,1390,42Â°35â²N 82Â°55â²W﻿ / ﻿42.59Â°N 82.92Â°W
336,Georgetown,TX,101344,67176,+50.86%,57.3,148.4,1172,453,30Â°40â²N 97Â°42â²W﻿ / ﻿30.67Â°N 97.70Â°W
337,New Bedford,MA,101318,101079,+0.24%,20.0,51.8,5054,1951,41Â°40â²N 70Â°56â²W﻿ / ﻿41.66Â°N 70.94Â°W
338,Albany,NY,101317,99224,+2.11%,21.4,55.4,4637,1790,42Â°40â²N 73Â°48â²W﻿ / ﻿42.67Â°N 73.80Â°W
339,Davenport,IA,100938,101724,â0.77%,63.8,165.2,1594,615,41Â°34â²N 90Â°36â²W﻿ / ﻿41.56Â°N 90.60Â°W
340,Plantation,FL,100694,91750,+9.75%,21.8,56.5,4209,1625,26Â°08â²N 80Â°16â²W﻿ / ﻿26.13Â°N 80.26Â°W
341,Deltona,FL,100513,93692,+7.28%,37.3,96.6,2512,970,28Â°55â²N 81Â°13â²W﻿ / ﻿28.91Â°N 81.21Â°W
342,Federal Way,WA,100252,101030,â0.77%,22.3,57.8,4530,1750,47Â°19â²N 122Â°20â²W﻿ / ﻿47.31Â°N 122.34Â°W
343,San Angelo,TX,100159,99893,+0.27%,59.7,154.6,1673,646,31Â°26â²N 100Â°27â²W﻿ / ﻿31.44Â°N 100.45Â°W
344,Tracy,CA,100136,93000,+7.67%,25.9,67.1,3591,1386,37Â°44â²N 121Â°27â²W﻿ / ﻿37.73Â°N 121.45Â°W
345,Sunrise,FL,100128,97335,+2.87%,16.2,42.0,6008,2320,26Â°10â²N 80Â°16â²W﻿ / ﻿26.17Â°N 80.26Â°W
